Front Card Variation Unique ID	Front Card Name	Front Card Variation	Back Card Variation Unique ID	Back Card Name	Back Card Variation	Is DFC
PDPtJhbmdfJthRRGFPT6M	Dorinthea	XXX001 – N	twccT8trdnHbRgqzh8rHT	Bravo	XXX002 – N	No
RNNC9BF7FbpBmpGgM7LhW	Rhinar	XXX003 – N	pNzNtgjRWmkGMqJNWJqtz	Katsu	XXX004 – N	No
NF9bPQFtP6KRGTcT7cMNp	Romping Club	XXX005 – N	dPLHmmWbrhWJBRMw8pMdk	Anothos	XXX006 – N	No
QjHtHjktjfWHcGCjtjCgB	Dawnblade	XXX007 – N	FFD6Dm9wfrfQHzBRNCNbz	Harmonized Kodachi	XXX008 – N	No
FFD6Dm9wfrfQHzBRNCNbz	Harmonized Kodachi	XXX008 – N	WkJGCr7Qn9QBrkb8qRkqF	Quicken	XXX009 – N	No
FbdrqRkHpWtHtcDr7cFfb	Briar	XXX011 – N	PjFp96NmJ7BR6TwPQHnKg	Briar, Warden of Thorns	XXX012 – N	No
wk6LmqFWmnRcdQN9TTrgB	Rhinar, Reckless Rampage	WTR001 - A	fnqN8jmfNG6HzPLHk7DbD	Harmonized Kodachi	WTR078 - A	No
RcT68bt6fmP6HCwrrPPt8	Rhinar, Reckless Rampage	WTR001 – U	nFbJW6NpWjhtMGQ7DjKpN	Harmonized Kodachi	WTR078 – U	No
cgJkHcrD7mndHBbT8z8kL	Rhinar	WTR002 - A	66tCNcNDtDfcpCHfKdPdd	Dorinthea	WTR114 – A	No
dRLBz6gG69cczznWMNjjP	Rhinar	WTR002 – U	PNwBGPtjw6Fq9BzmJPNgp	Dorinthea	WTR114 – U	No
cgJkHcrD7mndHBbT8z8kL	Rhinar	WTR002 - A	fnqN8jmfNG6HzPLHk7DbD	Harmonized Kodachi	WTR078 - A	No
dRLBz6gG69cczznWMNjjP	Rhinar	WTR002 – U	nFbJW6NpWjhtMGQ7DjKpN	Harmonized Kodachi	WTR078 – U	No
cgJkHcrD7mndHBbT8z8kL	Rhinar	WTR002 - A	KRRQkM6NQMLdKfnfqJgkk	Bravo	WTR039 – A	No
dRLBz6gG69cczznWMNjjP	Rhinar	WTR002 – U	k9b6GFmgTmBDrj7gtRMrH	Bravo	WTR039 – U	No
r6dRNfrB86Dmn6qbWPJLn	 Romping Club	WTR003 - A	KHbPjF6rncKmPHNRhjp7N	Katsu, the Wanderer	WTR076 – A	No
H7PBTbMMBjBw6PwwQpMwH	 Romping Club	WTR003 – U	gFmfF8FTLG9M7KWbPc97C	Katsu, the Wanderer	WTR076 – U	No
r6dRNfrB86Dmn6qbWPJLn	 Romping Club	WTR003 - A	7qfDzkQ9FDKLgHrFJ7w8W	Quicken	WTR225 – A	No
H7PBTbMMBjBw6PwwQpMwH	 Romping Club	WTR003 – U	KpQJHwTHfzRMJr7bcfjR9	Quicken	WTR225 – U	No
r6dRNfrB86Dmn6qbWPJLn	 Romping Club	WTR003 - A	KRRQkM6NQMLdKfnfqJgkk	Bravo	WTR039 – A	No
H7PBTbMMBjBw6PwwQpMwH	 Romping Club	WTR003 – U	k9b6GFmgTmBDrj7gtRMrH	Bravo	WTR039 – U	No
fd6ztBbmtntbwDJBq89kh	 Bravo, Showstopper	WTR038 - A	PwDDqBHw8j6TkFnFWBqtC	Dawnblade	WTR115 – A	No
hFCGDBDPccndtnkdmB9jh	 Bravo, Showstopper	WTR038 – U	QmTHRknWhKM66MPtMCqwK	Dawnblade	WTR115 – U	No
KRRQkM6NQMLdKfnfqJgkk	Bravo	WTR039 – A	fnqN8jmfNG6HzPLHk7DbD	Harmonized Kodachi	WTR078 - A	No
k9b6GFmgTmBDrj7gtRMrH	Bravo	WTR039 – U	nFbJW6NpWjhtMGQ7DjKpN	Harmonized Kodachi	WTR078 – U	No
KRRQkM6NQMLdKfnfqJgkk	Bravo	WTR039 – A	gWcjdzjFgg9rFknD8NRDT	Katsu	WTR077 - A	No
k9b6GFmgTmBDrj7gtRMrH	Bravo	WTR039 – U	WbgGwnctFjwNQGHkHzt6f	Katsu	WTR077 – U	No
NJqtTchQKFgmQTNF7dCRb	Anothos	WTR040 – A	pnpWw6fQTRrpCWh8bqnPb	Dorinthea Ironsong	WTR113 - A	No
wFJDhqRn7jLNrJd8dzDTw	Anothos	WTR040 – U	TnWBzzDH9McMtddqbzCK9	Dorinthea Ironsong	WTR113 – U	No
NJqtTchQKFgmQTNF7dCRb	Anothos	WTR040 – A	7qfDzkQ9FDKLgHrFJ7w8W	Quicken	WTR225 – A	No
wFJDhqRn7jLNrJd8dzDTw	Anothos	WTR040 – U	KpQJHwTHfzRMJr7bcfjR9	Quicken	WTR225 – U	No
NJqtTchQKFgmQTNF7dCRb	Anothos	WTR040 – A	gWcjdzjFgg9rFknD8NRDT	Katsu	WTR077 - A	No
wFJDhqRn7jLNrJd8dzDTw	Anothos	WTR040 – U	WbgGwnctFjwNQGHkHzt6f	Katsu	WTR077 – U	No
gWcjdzjFgg9rFknD8NRDT	Katsu	WTR077 - A	fnqN8jmfNG6HzPLHk7DbD	Harmonized Kodachi	WTR078 - A	No
WbgGwnctFjwNQGHkHzt6f	Katsu	WTR077 – U	nFbJW6NpWjhtMGQ7DjKpN	Harmonized Kodachi	WTR078 – U	No
fnqN8jmfNG6HzPLHk7DbD	Harmonized Kodachi	WTR078 - A	7wnJmQPJGMGkDTGHPPLTf	Seismic Surge	WTR075 – A	No
nFbJW6NpWjhtMGQ7DjKpN	Harmonized Kodachi	WTR078 – U	HkGQDjLbLnjbQdJfDckjd	Seismic Surge	WTR075 – U	No
fnqN8jmfNG6HzPLHk7DbD	Harmonized Kodachi	WTR078 - A	7qfDzkQ9FDKLgHrFJ7w8W	Quicken	WTR225 – A	No
nFbJW6NpWjhtMGQ7DjKpN	Harmonized Kodachi	WTR078 – U	KpQJHwTHfzRMJr7bcfjR9	Quicken	WTR225 – U	No
fnqN8jmfNG6HzPLHk7DbD	Harmonized Kodachi	WTR078 - A	66tCNcNDtDfcpCHfKdPdd	Dorinthea	WTR114 – A	No
nFbJW6NpWjhtMGQ7DjKpN	Harmonized Kodachi	WTR078 – U	PNwBGPtjw6Fq9BzmJPNgp	Dorinthea	WTR114 – U	No
PwDDqBHw8j6TkFnFWBqtC	Dawnblade	WTR115 – A	7qfDzkQ9FDKLgHrFJ7w8W	Quicken	WTR225 – A	No
QmTHRknWhKM66MPtMCqwK	Dawnblade	WTR115 – U	KpQJHwTHfzRMJr7bcfjR9	Quicken	WTR225 – U	No
TkqJLhWpbm9F67RtGhgLH	 Dash, Inventor Extraordinaire	ARC001 – F	rDdghQjpzfDhnTWt8JWzN	Dash	ARC002 – F	No
TkWJLCDLgGHmmGHrKndnQ	 Dash, Inventor Extraordinaire	ARC001 – U	Cj6C9tJQnD8KpghLCzb7P	Dash	ARC002 – U	No
rDdghQjpzfDhnTWt8JWzN	Dash	ARC002 – F	MdGhh8KCtJwpwhGHdTHfR	Azalea	ARC039 – F	No
Cj6C9tJQnD8KpghLCzb7P	Dash	ARC002 – U	HGdFkn9r8w7HWjMDwnNdW	Azalea	ARC039 – U	No
rDdghQjpzfDhnTWt8JWzN	Dash	ARC002 – F	LkQ6G69thbCGftgdBLkJm	Death Dealer	ARC040 – F	No
Cj6C9tJQnD8KpghLCzb7P	Dash	ARC002 – U	WJL6WRTMqTnCdJfHqrhDR	Death Dealer	ARC040 – U	No
rDdghQjpzfDhnTWt8JWzN	Dash	ARC002 – F	wcmNtbBPhjnFwPq7RJndM	Crucible of Aetherweave	ARC115 – F	No
Cj6C9tJQnD8KpghLCzb7P	Dash	ARC002 – U	6b9cJFLbNMRbcLtpJwTWm	Crucible of Aetherweave	ARC115 – U	No
bdJDJnFHQRfHQ6fd6qbWT	 Teklo Plasma Pistol	ARC003 – F	ctfBrRwHRnqbHdHLcWdpN	Runechant	ARC112 – F	No
MRWTgmNwfG7nJhWB7h8CB	 Teklo Plasma Pistol	ARC003 – U	b8FNNbFRCK8ThcWtj6cLK	Runechant	ARC112 – U	No
bdJDJnFHQRfHQ6fd6qbWT	 Teklo Plasma Pistol	ARC003 – F	G7FHRGNdqCD6pGfk9ztLC	Kano	ARC114 – F	No
MRWTgmNwfG7nJhWB7h8CB	 Teklo Plasma Pistol	ARC003 – U	fnc8WWRBBzK7K9GBf8tQj	Kano	ARC114 – U	No
bdJDJnFHQRfHQ6fd6qbWT	 Teklo Plasma Pistol	ARC003 – F	MdGhh8KCtJwpwhGHdTHfR	Azalea	ARC039 – F	No
MRWTgmNwfG7nJhWB7h8CB	 Teklo Plasma Pistol	ARC003 – U	HGdFkn9r8w7HWjMDwnNdW	Azalea	ARC039 – U	No
hzMhpBcdGkN7k7kJcqK9D	Azalea, Ace in the Hole	ARC038 – F	MdGhh8KCtJwpwhGHdTHfR	Azalea	ARC039 – F	No
mT9GftqkrJgKTnffG7WzT	Azalea, Ace in the Hole	ARC038 – U	HGdFkn9r8w7HWjMDwnNdW	Azalea	ARC039 – U	No
MdGhh8KCtJwpwhGHdTHfR	Azalea	ARC039 – F	QWJdnnhHhCNmwRwjGczrL	Nebula Blade	ARC077 – F	No
HGdFkn9r8w7HWjMDwnNdW	Azalea	ARC039 – U	77PhWjTBdQz6TztHww8Lt	Nebula Blade	ARC077 – U	No
LkQ6G69thbCGftgdBLkJm	Death Dealer	ARC040 – F	ctfBrRwHRnqbHdHLcWdpN	Runechant	ARC112 – F	No
WJL6WRTMqTnCdJfHqrhDR	Death Dealer	ARC040 – U	b8FNNbFRCK8ThcWtj6cLK	Runechant	ARC112 – U	No
LkQ6G69thbCGftgdBLkJm	Death Dealer	ARC040 – F	TC6zKtzmkQmKFG8rNhWzp	Viserai	ARC076 – F	No
WJL6WRTMqTnCdJfHqrhDR	Death Dealer	ARC040 – U	WDjPjLDRBpWdwdtJPFNbR	Viserai	ARC076 – U	No
zQqGMPP8grQWQfQLBLzFC	Viserai, Rune Blood	ARC075 – F	TC6zKtzmkQmKFG8rNhWzp	Viserai	ARC076 – F	No
88bMw87rFbpQcHQrFWz7p	Viserai, Rune Blood	ARC075 – U	WDjPjLDRBpWdwdtJPFNbR	Viserai	ARC076 – U	No
TC6zKtzmkQmKFG8rNhWzp	Viserai	ARC076 – F	G7FHRGNdqCD6pGfk9ztLC	Kano	ARC114 – F	No
WDjPjLDRBpWdwdtJPFNbR	Viserai	ARC076 – U	fnc8WWRBBzK7K9GBf8tQj	Kano	ARC114 – U	No
TC6zKtzmkQmKFG8rNhWzp	Viserai	ARC076 – F	wcmNtbBPhjnFwPq7RJndM	Crucible of Aetherweave	ARC115 – F	No
WDjPjLDRBpWdwdtJPFNbR	Viserai	ARC076 – U	6b9cJFLbNMRbcLtpJwTWm	Crucible of Aetherweave	ARC115 – U	No
QWJdnnhHhCNmwRwjGczrL	Nebula Blade	ARC077 – F	ctfBrRwHRnqbHdHLcWdpN	Runechant	ARC112 – F	No
77PhWjTBdQz6TztHww8Lt	Nebula Blade	ARC077 – U	b8FNNbFRCK8ThcWtj6cLK	Runechant	ARC112 – U	No
QWJdnnhHhCNmwRwjGczrL	Nebula Blade	ARC077 – F	G7FHRGNdqCD6pGfk9ztLC	Kano	ARC114 – F	No
77PhWjTBdQz6TztHww8Lt	Nebula Blade	ARC077 – U	fnc8WWRBBzK7K9GBf8tQj	Kano	ARC114 – U	No
ctfBrRwHRnqbHdHLcWdpN	Runechant	ARC112 – F	wcmNtbBPhjnFwPq7RJndM	Crucible of Aetherweave	ARC115 – F	No
b8FNNbFRCK8ThcWtj6cLK	Runechant	ARC112 – U	6b9cJFLbNMRbcLtpJwTWm	Crucible of Aetherweave	ARC115 – U	No
nmRFpNn6qN8cL8h6tt9jQ	Kano, Dracai of Aether	ARC113 – F	G7FHRGNdqCD6pGfk9ztLC	Kano	ARC114 – F	No
BPKLhncNz9Wng6t6pnF8g	Kano, Dracai of Aether	ARC113 – U	fnc8WWRBBzK7K9GBf8tQj	Kano	ARC114 – U	No
BpjDthwCBKTtL7fFzBH6G	Prism, Sculptor of Arc Light	MON001 – F	pbRFQCzPPgmDbtwHrhN7W	Prism	MON002 – F	No
rnwkKdmQwMkKDRpKW9K6L	Prism, Sculptor of Arc Light	MON001 – U	rRBFBkDTRDMMFD88Q6NQJ	Prism	MON002 – U	No
pbRFQCzPPgmDbtwHrhN7W	Prism	MON002 – F	pbRFQCzPPgmDbtwHrhN7W	Iris of Reality	MON088 – F	No
rRBFBkDTRDMMFD88Q6NQJ	Prism	MON002 – U	rRBFBkDTRDMMFD88Q6NQJ	Iris of Reality	MON088 – U	No
rRBFBkDTRDMMFD88Q6NQJ	Prism	MON002 – U	gP7bp9zBnthqpTn6T6HMb	Ravenous Meataxe	MON221 – U	No
7qqw66BtLdCq8GpDJgTM8	 Ser Boltyn, Breaker of Dawn	MON029 – F	8wCfLRQR6PgLHLGCNzwhz	Boltyn	MON030 – F	No
fCgt9DFn8tFmbLB7QnqMn	 Ser Boltyn, Breaker of Dawn	MON029 – U	pTRkj6B7KDr7r89nqWPmz	Boltyn	MON030 – U	No
8wCfLRQR6PgLHLGCNzwhz	Boltyn	MON030 – F	8MQL89gPcpdBPLKNpgKTc	Hatchet of Body	MON105 – F	No
pTRkj6B7KDr7r89nqWPmz	Boltyn	MON030 – U	WWmg8GFgLWmjFMGLcJ6Bz	Hatchet of Body	MON105 – U	No
pTRkj6B7KDr7r89nqWPmz	Boltyn	MON030 – U	wKwnQjcqGHcrRF9mKrkjJ	Galaxxi Black	MON155 – U	No
R76qK9fpJ7WdGNcWr8R8z	Iris of Reality	MON088 – F	rdpM9m6KbKC7MGCgrgt6Q	Spectral Shield	MON104 – F	No
gf7HqDhWNk7NjcJg6HT6P	Iris of Reality	MON088 – U	9FBmMJqqwccQQR8RJgN7k	Spectral Shield	MON104 – U	No
gf7HqDhWNk7NjcJg6HT6P	Iris of Reality	MON088 – U	fp8QBWGwtHdBFkcNTMtmw	Levia	MON120 – U	No
rdpM9m6KbKC7MGCgrgt6Q	Spectral Shield	MON104 – F	RBgpLfthF7rMmwKtrbJGz	Soul Shackle	MON186 – F	No
9FBmMJqqwccQQR8RJgN7k	Spectral Shield	MON104 – U	MkrGPHzTFDPNBPFf7WMN9	Soul Shackle	MON186 – U	No
rdpM9m6KbKC7MGCgrgt6Q	Spectral Shield	MON104 – F	8MQL89gPcpdBPLKNpgKTc	Hatchet of Body	MON105 – F	No
9FBmMJqqwccQQR8RJgN7k	Spectral Shield	MON104 – U	WWmg8GFgLWmjFMGLcJ6Bz	Hatchet of Body	MON105 – U	No
rdpM9m6KbKC7MGCgrgt6Q	Spectral Shield	MON104 – F	NLKLrjGFTnftLPrNznfmH	Hatchet of Mind	MON106 – F	No
9FBmMJqqwccQQR8RJgN7k	Spectral Shield	MON104 – U	PfJqhKqnTPF8PGmjDpRk8	Hatchet of Mind	MON106 – U	No
WWmg8GFgLWmjFMGLcJ6Bz	Hatchet of Body	MON105 – U	8gnTTBph8gTGDDbrr9Mkf	Chane	MON154 – U	No
QJMbmkbp9hT8bWKbkjCdm	Levia, Shadowborn Abomination	MON119 – F	7DrgBnLtbpFqnQRWjNfTG	Levia	MON120 – F	No
nhg9QWDnCgHRgBWPwbJHb	Levia, Shadowborn Abomination	MON119 – U	fp8QBWGwtHdBFkcNTMtmw	Levia	MON120 – U	No
7DrgBnLtbpFqnQRWjNfTG	Levia	MON120 – F	gBrgqQk9KftpRN6f9rmDB	Ravenous Meataxe	MON221 – F	No
fp8QBWGwtHdBFkcNTMtmw	Levia	MON120 – U	gP7bp9zBnthqpTn6T6HMb	Ravenous Meataxe	MON221 – U	No
Cr77pwRRdqQk9mhrJfkDw	Chane, Bound by Shadow	MON153 – F	CJLzQDwhhqWJtCgqwNP9W	Chane	MON154 – F	No
fbdtwHBhkJDzQnFt8ddmg	Chane, Bound by Shadow	MON153 – U	8gnTTBph8gTGDDbrr9Mkf	Chane	MON154 – U	No
CJLzQDwhhqWJtCgqwNP9W	Chane	MON154 – F	QGkFg8WRktdcbgcDN7mPC	Galaxxi Black	MON155 – F	No
8gnTTBph8gTGDDbrr9Mkf	Chane	MON154 – U	wKwnQjcqGHcrRF9mKrkjJ	Galaxxi Black	MON155 – U	No
QGkFg8WRktdcbgcDN7mPC	Galaxxi Black	MON155 – F	RBgpLfthF7rMmwKtrbJGz	Soul Shackle	MON186 – F	No
wKwnQjcqGHcrRF9mKrkjJ	Galaxxi Black	MON155 – U	MkrGPHzTFDPNBPFf7WMN9	Soul Shackle	MON186 – U	No
RBgpLfthF7rMmwKtrbJGz	Soul Shackle	MON186 – F	gBrgqQk9KftpRN6f9rmDB	Ravenous Meataxe	MON221 – F	No
MkrGPHzTFDPNBPFf7WMN9	Soul Shackle	MON186 – U	gP7bp9zBnthqpTn6T6HMb	Ravenous Meataxe	MON221 – U	No
kKNhkFNRm8Dh8gpBh9Rb9	Blasmophet, the Soul Harvester	MON219 – F	w8F6mq6MMMJhQKDgHbHc7	 Ursur, the Soul Reaper	MON220 – F	No
9cztD9Bfmp96dNKdnKmL8	Blasmophet, the Soul Harvester	MON219 – U	6wPnTkq9ccp8hGMJg8bmG	 Ursur, the Soul Reaper	MON220 – U	No
Cd76Bq6mpdFfCMrFqHP9K	 Spectral Shield	PSM030 – N	Cd76Bq6mpdFfCMrFqHP9K	 Spectral Shield	PSM030 – N	No
WKnQ8PDRb9Nh76Tbj6h9c	Soul Shackle	CHN030 – N	WKnQ8PDRb9Nh76Tbj6h9c	Soul Shackle	CHN030 – N	No
ngd87qwrtDqdzbQDMcRBG	Oldhim, Grandfather of Eternity	ELE001 – F	z7MBLPmfLFrdKNPrk9rHm	Shiver	ELE033 – F	No
HRf9JKPBJ99kR6pCbnJWt	Oldhim, Grandfather of Eternity	ELE001 – U	pQdJTKf67W8Q69nbz6JzD	Shiver	ELE033 – U	No
Qn6FLdKMLmBggzCQrHdPK	Oldhim	ELE002 – F	MzRGcjhC7LG8dCMHzzcDT	Frostbite	ELE111 – F	No
88JzQLzkgLngTtpMKF6TQ	Oldhim	ELE002 – U	qtKNrDCHh6cKfLpT6wBHR	Frostbite	ELE111 – U	No
Kmbq8tk9CGtCKHpgdLDgC	Lexi, Livewire	ELE031 – F	TfGMgJpRJfpdJFqr6MpNW	 Rosetta Thorn	ELE222 – F	No
n9wcJNfMQJhDchCQNdK8b	Lexi, Livewire	ELE031 – U	9PqGTkzgCDfMHKLLRg7dC	 Rosetta Thorn	ELE222 – U	No
z7MBLPmfLFrdKNPrk9rHm	Lexi	ELE032 – F	MzRGcjhC7LG8dCMHzzcDT	Frostbite	ELE111 – F	No
pQdJTKf67W8Q69nbz6JzD	Lexi	ELE032 – U	qtKNrDCHh6cKfLpT6wBHR	Frostbite	ELE111 – U	No
z7MBLPmfLFrdKNPrk9rHm	Shiver	ELE033 – F	7BKrjc8RnChRWMpWGQgn8	Embodiment of Earth	ELE109 – F	No
pQdJTKf67W8Q69nbz6JzD	Shiver	ELE033 – U	Jj8KpfNKPBPmrCp8MwLbT	Embodiment of Earth	ELE109 – U	No
9g7ffGfzmbLWGFpQFNbth	 Briar, Warden of Thorns	ELE062 – F	nwrC76m7NmMBHFJ7gMcgj	Titan's Fist	ELE202 – F	No
LPM6bt6rzHCRfz7jfrQ7q	 Briar, Warden of Thorns	ELE062 – U	GDnDh689b8HrrKm88FR8k	Titan's Fist	ELE202 – U	No
wpPrrKKKjcbqMHGWcCfmc	Briar	ELE063 – F	MzRGcjhC7LG8dCMHzzcDT	Frostbite	ELE111 – F	No
6bKpqt6znbc9PBrqCzKHW	Briar	ELE063 – U	qtKNrDCHh6cKfLpT6wBHR	Frostbite	ELE111 – U	No
7BKrjc8RnChRWMpWGQgn8	Embodiment of Earth	ELE109 – F	9jBjJD9DL9NzPzqTjhzQb	Embodiment of Lightning	ELE110 – F	No
Jj8KpfNKPBPmrCp8MwLbT	Embodiment of Earth	ELE109 – U	bJmDzPGH9bDGpL6LMPHHk	Embodiment of Lightning	ELE110 – U	No
9jBjJD9DL9NzPzqTjhzQb	Embodiment of Lightning	ELE110 – F	nwrC76m7NmMBHFJ7gMcgj	Titan's Fist	ELE202 – F	No
bJmDzPGH9bDGpL6LMPHHk	Embodiment of Lightning	ELE110 – U	GDnDh689b8HrrKm88FR8k	Titan's Fist	ELE202 – U	No
gdqjzdcz67qfGqf6g7JDF	Seismic Surge	ELE212 – F	9PqGTkzgCDfMHKLLRg7dC	 Rosetta Thorn	ELE222 – F	No
mbQzkRTRzc8D8Rtc9f7Jb	Seismic Surge	ELE212 – U	MzRGcjhC7LG8dCMHzzcDT	 Rosetta Thorn	ELE222 – U	No
TkRdKzGznrk9FGqh6CDqt	Frostbite	OLD031 – N	TkRdKzGznrk9FGqh6CDqt	Frostbite	OLD031 – N	No
btpCrNpw6DkLbm9tLN6nK	Seismic Surge	OLD032 – N	btpCrNpw6DkLbm9tLN6nK	Seismic Surge	OLD032 – N	No
z8wHgc7wCGRC8pNDMrPc7	Frostbite	LXI030 – N	z8wHgc7wCGRC8pNDMrPc7	Frostbite	LXI030 – N	No
gchhRHddRfR7jpdc8T9LB	Embodiment of Lightning	BRI002 – N	wgPCprWkFMGJzc8hgKKnK	Embodiment of Earth	BRI003 – N	No
FKC8qdBgdwgfrLmkq8htq	Bravo, Star of the Show	EVR017 – N	DFjQGNbTkNqjWhJPFL78C	Bravo, Star of the Show	EVR017 – N (Marvel CF Back)	Yes
CwtwCz8T8RWDhghCTTjdP	Dromai, Ash Artist 	UPR001 – N	rJ7F6nLrJw8qqRzdDRTNb	Dromai	UPR002 – N	No
rJ7F6nLrJw8qqRzdDRTNb	Dromai	UPR002 – N	8TN77GqRLM6CdmpkDgCHk	Waning Moon	UPR165 – N	No
wCCjJNgnpKdRHBPhhqmTq	Storm of Sandikai	UPR003 – N	nQqW7c87GKmKt7rNJRWPT	Fai	UPR045 – N	No
t68TkLgRgpzzQRwgMrJdC	Aether Ashwing	UPR042 – N	8c8dJD7g8Tc6wTk8nCWgH	Ash	UPR043 – N	No
RTCm7GwqmdtH7KBBRhzbn	Aether Ashwing	UPR042 – N (CF)	g6PKgjrjHpNmbJTMqpPpr	Ash	UPR043 – N (CF)	No
6ng7QTfp6GRqBckbTcf6N	Aether Ashwing	UPR042 – N (CF Marvel)	kWWFJfRqbHtQkfpBJtnbm	Ash	UPR043 – N (CF Marvel)	No
Lk7t6wKQCwwqwjjnrPJhC	Invoke Dracona Optimai	UPR006 – N	rpDFqjd7pqWbTNgbJwzNT	Dracona Optimai	UPR006 – N	Yes
TFhMQHFNctMCLFjnMHkkz	Invoke Dracona Optimai	UPR006 – N (CF Marvel)	rLBfqR9kHCpmfC7kgWrL6	Dracona Optimai	UPR006 – N (CF Marvel)	Yes
cJtC9QKfTGBtdJngJfgd6	Invoke Tomeltai	UPR007 – N	QNkHgfg9hDrqFh6jqzQK6	Tomeltai	UPR007 – N	Yes
jWtPwQhzmQfNKhtPtRDHC	Invoke Tomeltai	UPR007 – N (CF Marvel)	ftqc6jPdJPChPQqDbhfQC	Tomeltai	UPR007 – N (CF Marvel)	Yes
GdhwHkQjJqQmFrQBzqqQC	Invoke Dominia	UPR008 – N	m8kntTpWz86m78tz9cWfG	Dominia	UPR008 – N	Yes
DdGPgJwzwrT7FFkQpwpMw	Invoke Dominia	UPR008 – N (CF Marvel)	zN96wbb7q7bpnBWwFpdQM	Dominia	UPR008 – N (CF Marvel)	Yes
C9t8QCfLkHdhLbQD7GqQC	Invoke Azvolai	UPR009 – N	NwcTgGhnjPzLDRTwdCr9T	Azvolai	UPR009 – N	Yes
gMw8MHbWjQbJQ7ChtpCg9	Invoke Azvolai	UPR009 – N (CF Marvel)	TF9nktQBz7Hck688gWtMm	Azvolai	UPR009 – N (CF Marvel)	Yes
BLq7MFM6BzztPcdpgkcgK	Invoke Cromai	UPR010 – N	kjq8FWPgFW6kfHbmhPgjL	Cromai	UPR010 – N	Yes
mmpgQpmmnmH8gqqP9JTFT	Invoke Cromai	UPR010 – N (CF Marvel)	QzFjHm9mwmWPG86d8MrTN	Cromai	UPR010 – N (CF Marvel)	Yes
gpLhWRQbkfJWMmrjncLKj	Invoke Kyloria	UPR011 – N	djqTRWq9tbQNBNgqBg6ct	Kyloria	UPR011 – N	Yes
FDhkWgLpJhm6fBPKWg7fK	Invoke Kyloria	UPR011 – N (CF Marvel)	rwHQqmcQTzrfqLfw9BQF9	Kyloria	UPR011 – N (CF Marvel)	Yes
f9nFb89hDWbwqdwgczDRL	Invoke Miragai	UPR012 – N	D8LK8DCQ99LcqJBQQrfLM	Miragai	UPR012 – N	Yes
HB8cK96pdC8Rk7cJBHwKB	Invoke Miragai	UPR012 – N (CF Marvel)	qHmzQKmHqKqdbrngHwkdP	Miragai	UPR012 – N (CF Marvel)	Yes
rMtb7PzK7bGwtGDpcBcNk	Invoke Nekria	UPR013 – N	d9PBGHMrdDKRCCNzkCFMF	Nekria	UPR013 – N	Yes
tCKBRDjBnGN8RDB6brhPc	Invoke Nekria	UPR013 – N (CF Marvel)	W9GrMCgLkt8KHkmDb69jf	Nekria	UPR013 – N (CF Marvel)	Yes
PjbttkDDcrLJb9Q6jdFpB	Invoke Ouvia	UPR014 – N	rHkwJbq9qkCCjDfK7tchf	Ouvia	UPR014 – N	Yes
9PDhMp9KrkDCFjJfDb8j7	Invoke Ouvia	UPR014 – N (CF Marvel)	GTnrzcMkNcFGDLChjtNkr	Ouvia	UPR014 – N (CF Marvel)	Yes
NPBt6PWGqFMbphWzM9NFW	Invoke Themai	UPR015 – N	9LKfGjtDGQmrfcwhQGQck	Themai	UPR015 – N	Yes
DTD8zh8kttnpJtKhRFkLW	Invoke Themai	UPR015 – N (CF Marvel)	hphH7zjtQDbzLBHWKN7BK	Themai	UPR015 – N (CF Marvel)	Yes
nrGghCtGfzKdLCTQHqLLg	Invoke Vynserakai	UPR016 – N	r7PLFbJLzpKjC6hrNTzCd	Vynserakai	UPR016 – N	Yes
h7bQ8WTprdDnjHhtndMNb	Invoke Vynserakai	UPR016 – N (CF Marvel)	kkWhTJGRrbQQT8m7BjCPp	Vynserakai	UPR016 – N (CF Marvel)	Yes
mWjH8K9qJNjMCDkLQbMnj	Invoke Yendurai	UPR017 – N	d8rJjkRP6wBpKwqwTthz7	Yendurai	UPR017 – N	Yes
qQdDdWFf8HKhTQkmBKJ8j	Invoke Yendurai	UPR017 – N (CF Marvel)	cMfBzLtDjCTPdwB8np7q7	Yendurai	UPR017 – N (CF Marvel)	Yes
ncq89NkTPw6NTFh6kKDpc	Fai, Rising Rebellion	UPR044 – N	nQqW7c87GKmKt7rNJRWPT	Fai	UPR045 – N	No
nQqW7c87GKmKt7rNJRWPT	Searing Emberblade	UPR045 – N	tmgGmpmgrKcKtzLMdPkRr	Iyslander	UPR103 – N	No
BCdjbHJtgtN6NDp7HbHTk	Iyslander, Stormbind	UPR102 – N	tmgGmpmgrKcKtzLMdPkRr	Iyslander	UPR103 – N	Yes
RMQzBfHk7cTFpNfbT6KQz	Iyslander	UPR103 – N (CF Marvel Front)	98F9W8JF99Ppk9dPCFqqW	Iyslander	UPR103 – N (CF Marvel Back)	No
fj9qrbdhH9h6cznbR7M8W	Frostbite	UPR150 – N	kHWnLQfNWQHc99d8CwcNF	Helio's Mitre	UPR183 – N	No
rBTczjHn8hMkhtzHqm6jk	Ash	DRO002 – N	q6R8QkpHGCWPKnQNkP9Nh	Aether Ashwing	DRO003 – N	No
qW78NRQmkKP6GPDh6dRCB	Emperor, Dracai of Aesir	DYN001 – N (Marvel CF Front)	FdMrN6bCqQwtWTBGHJNMP	Emperor, Dracai of Aesir	DYN001 – N (Marvel CF Back)	Yes
PjqTbqPPDpBTNwHDp6bBt	Construct Nitro Mechanoid	DYN092 – N	W6Lgk7H9qnmDQFtjmWhPr	Nitro Mechanoid	DYN092 – N	Yes
BTMrLnfwCkJMhdM9m97t7	Construct Nitro Mechanoid	DYN092 – N (CF Marvel)	tWppWbDpTpW7cd76FgDdk	Nitro Mechanoid	DYN092 – N (CF Marvel)	Yes
jhNHnRCrQdbNTwMqBrNnw	Invoke Suraya	DYN212 – N	9t7rW86gGr9dh7GnKJkfR	Suraya, Archangel of Knowledge	DYN212 – N	Yes
tqJj8FNChzKmHgLjpqg8J	Invoke Suraya	DYN212 – N (CF Marvel)	wqJcff7qcwhdHpqpwhtqw	Suraya, Archangel of Knowledge	DYN212 – N (CF Marvel)	Yes
